<mxfile host="app.diagrams.net">
  <diagram name="SpaceTrack Data Model" id="model1">
    <mxGraphModel dx="1422" dy="827" grid="1" gridSize="10" guides="1" tooltips="1" connect="1" arrows="1" fold="1" page="1" pageScale="1" pageWidth="1200" pageHeight="900" background="#FFFFFF">
      <root>
        <mxCell id="0"/>
        <mxCell id="1" parent="0"/>
        
        <!-- Title -->
        <mxCell id="title" value="SpaceTrack - Logical Data Model" style="text;html=1;strokeColor=none;fillColor=none;align=center;verticalAlign=middle;whiteSpace=wrap;fontSize=24;fontStyle=1;fontColor=#1e293b;" vertex="1" parent="1">
          <mxGeometry x="400" y="30" width="400" height="40" as="geometry"/>
        </mxCell>
        
        <!-- Missions Table -->
        <mxCell id="missions-table" value="" style="rounded=0;whiteSpace=wrap;html=1;fillColor=#4f46e5;strokeColor=#4338ca;strokeWidth=2;" vertex="1" parent="1">
          <mxGeometry x="100" y="120" width="280" height="240" as="geometry"/>
        </mxCell>
        
        <mxCell id="missions-header" value="MISSIONS" style="text;html=1;strokeColor=none;fillColor=none;align=center;verticalAlign=middle;whiteSpace=wrap;fontSize=18;fontStyle=1;fontColor=#FFFFFF;" vertex="1" parent="1">
          <mxGeometry x="100" y="130" width="280" height="30" as="geometry"/>
        </mxCell>
        
        <mxCell id="missions-fields" value="mission_id (PK)&#xa;mission_name&#xa;launch_date&#xa;mission_type&#xa;status&#xa;description" style="text;html=1;strokeColor=none;fillColor=#ffffff;align=left;verticalAlign=top;whiteSpace=wrap;fontSize=13;fontFamily=Courier New;spacingLeft=15;spacingTop=10;fontColor=#1