{
  "name": "spacetrack-backend",
  "version": "1.0.0",
  "description": "Backend API for SpaceTrack NASA Space Data Explorer",
  "main": "server.js",
  "scripts": {
    "start": "node server.js",
    "dev": "nodemon server.js",
    "test": "echo \"Error: no test specified\" && exit 1"
  },
  "keywords": [
    "nasa",
    "space",
    "api",
    "express"
  ],
  "author": "SpaceTrack Team - ISM 6225",
  "license": "MIT",
  "dependencies": {
    "axios": "^1.7.7",
    "cors": "^2.8.5",
    "dotenv": "^16.4.5",
    "express": "^4.21.1",
    "pg": "^8.13.1",
    "pg-hstore": "^2.3.4",
    "sequelize": "^6.37.5"
  },
  "devDependencies": {
    "nodemon": "^3.1.10"
  }
}
